Browsing Type,Agent Type
cobrowsing,right agent 
cobrowsing,right agent 
cobrowsing,right agent 
cobrowsing,right agent 
cobrowsing,right agent 
cobrowsing,right agent 
cobrowsing,right agent 
cobrowsing,right agent 
cobrowsing,right agent 
cobrowsing,right agent 
cobrowsing,right agent 
cobrowsing,right agent 
cobrowsing,right agent 
cobrowsing,right agent 
cobrowsing,right agent 
cobrowsing,right agent 
cobrowsing,right agent 
cobrowsing,right agent 
cobrowsing,right agent 
cobrowsing,right agent 
cobrowsing,right agent 
cobrowsing,right agent 
cobrowsing,right agent 
cobrowsing,right agent 
cobrowsing,right agent 
cobrowsing,right agent 
cobrowsing,right agent 
cobrowsing,right agent 
cobrowsing,right agent 
cobrowsing,right agent 
cobrowsing,right agent 
cobrowsing,right agent 
cobrowsing,right agent 
cobrowsing,right agent 
cobrowsing,right agent 
cobrowsing,right agent 
cobrowsing,right agent 
cobrowsing,right agent 
cobrowsing,right agent 
cobrowsing,right agent 
cobrowsing,right agent 
cobrowsing,right agent 
cobrowsing,right agent 
cobrowsing,right agent 
cobrowsing,right agent 
cobrowsing,right agent 
cobrowsing,right agent 
cobrowsing,right agent 
cobrowsing,right agent 
cobrowsing,right agent 
cobrowsing,right agent 
cobrowsing,right agent 
cobrowsing,right agent 
cobrowsing,right agent 
cobrowsing,right agent 
cobrowsing,right agent 
cobrowsing,right agent 
cobrowsing,right agent 
cobrowsing,right agent 
cobrowsing,right agent 
cobrowsing,right agent 
cobrowsing,right agent 
cobrowsing,right agent 
cobrowsing,right agent 
cobrowsing,right agent 
cobrowsing,right agent 
cobrowsing,right agent 
cobrowsing,right agent 
cobrowsing,right agent 
cobrowsing,right agent 
cobrowsing,right agent 
cobrowsing,right agent 
cobrowsing,right agent 
cobrowsing,right agent 
cobrowsing,right agent 
cobrowsing,right agent 
cobrowsing,right agent 
cobrowsing,right agent 
cobrowsing,right agent 
cobrowsing,right agent 
cobrowsing,not right agent
cobrowsing,not right agent
cobrowsing,not right agent
cobrowsing,not right agent
cobrowsing,not right agent
cobrowsing,not right agent
cobrowsing,not right agent
cobrowsing,not right agent
cobrowsing,not right agent
cobrowsing,not right agent
cobrowsing,not right agent
cobrowsing,not right agent
cobrowsing,not right agent
cobrowsing,not right agent
cobrowsing,not right agent
cobrowsing,not right agent
cobrowsing,not right agent
cobrowsing,not right agent
cobrowsing,not right agent
cobrowsing,not right agent
cobrowsing,not right agent
cobrowsing,not right agent
cobrowsing,not right agent
cobrowsing,not right agent
cobrowsing,not right agent
cobrowsing,not right agent
cobrowsing,not right agent
cobrowsing,not right agent
cobrowsing,not right agent
cobrowsing,not right agent
cobrowsing,not right agent
cobrowsing,not right agent
cobrowsing,not right agent
cobrowsing,not right agent
cobrowsing,not right agent
cobrowsing,not right agent
cobrowsing,not right agent
cobrowsing,not right agent
cobrowsing,not right agent
cobrowsing,not right agent
cobrowsing,not right agent
cobrowsing,not right agent
cobrowsing,not right agent
cobrowsing,not right agent
cobrowsing,not right agent
cobrowsing,not right agent
cobrowsing,not right agent
cobrowsing,not right agent
cobrowsing,not right agent
noncobrowsing,right agent 
noncobrowsing,right agent 
noncobrowsing,right agent 
noncobrowsing,right agent 
noncobrowsing,right agent 
noncobrowsing,right agent 
noncobrowsing,right agent 
noncobrowsing,right agent 
noncobrowsing,right agent 
noncobrowsing,right agent 
noncobrowsing,right agent 
noncobrowsing,right agent 
noncobrowsing,right agent 
noncobrowsing,right agent 
noncobrowsing,right agent 
noncobrowsing,right agent 
noncobrowsing,right agent 
noncobrowsing,right agent 
noncobrowsing,right agent 
noncobrowsing,right agent 
noncobrowsing,right agent 
noncobrowsing,right agent 
noncobrowsing,right agent 
noncobrowsing,right agent 
noncobrowsing,right agent 
noncobrowsing,right agent 
noncobrowsing,right agent 
noncobrowsing,right agent 
noncobrowsing,right agent 
noncobrowsing,right agent 
noncobrowsing,right agent 
noncobrowsing,right agent 
noncobrowsing,right agent 
noncobrowsing,right agent 
noncobrowsing,right agent 
noncobrowsing,right agent 
noncobrowsing,right agent 
noncobrowsing,right agent 
noncobrowsing,right agent 
noncobrowsing,right agent 
noncobrowsing,right agent 
noncobrowsing,right agent 
noncobrowsing,right agent 
noncobrowsing,right agent 
noncobrowsing,right agent 
noncobrowsing,right agent 
noncobrowsing,right agent 
noncobrowsing,right agent 
noncobrowsing,right agent 
noncobrowsing,right agent 
noncobrowsing,right agent 
noncobrowsing,right agent 
noncobrowsing,right agent 
noncobrowsing,right agent 
noncobrowsing,right agent 
noncobrowsing,right agent 
noncobrowsing,right agent 
noncobrowsing,right agent 
noncobrowsing,right agent 
noncobrowsing,right agent 
noncobrowsing,right agent 
noncobrowsing,right agent 
noncobrowsing,right agent 
noncobrowsing,right agent 
noncobrowsing,right agent 
noncobrowsing,right agent 
noncobrowsing,not right agent
noncobrowsing,not right agent
noncobrowsing,not right agent
noncobrowsing,not right agent
noncobrowsing,not right agent
noncobrowsing,not right agent
noncobrowsing,not right agent
noncobrowsing,not right agent
noncobrowsing,not right agent
noncobrowsing,not right agent
noncobrowsing,not right agent
noncobrowsing,not right agent
noncobrowsing,not right agent
noncobrowsing,not right agent
noncobrowsing,not right agent
noncobrowsing,not right agent
noncobrowsing,not right agent
noncobrowsing,not right agent
noncobrowsing,not right agent
noncobrowsing,not right agent
noncobrowsing,not right agent
noncobrowsing,not right agent
noncobrowsing,not right agent
noncobrowsing,not right agent
noncobrowsing,not right agent
noncobrowsing,not right agent
noncobrowsing,not right agent
noncobrowsing,not right agent
noncobrowsing,not right agent
noncobrowsing,not right agent
noncobrowsing,not right agent
noncobrowsing,not right agent
noncobrowsing,not right agent
noncobrowsing,not right agent
noncobrowsing,not right agent
noncobrowsing,not right agent
noncobrowsing,not right agent
noncobrowsing,not right agent
noncobrowsing,not right agent
noncobrowsing,not right agent
noncobrowsing,not right agent
noncobrowsing,not right agent
noncobrowsing,not right agent
noncobrowsing,not right agent
noncobrowsing,not right agent
noncobrowsing,not right agent
noncobrowsing,not right agent
noncobrowsing,not right agent
noncobrowsing,not right agent
noncobrowsing,not right agent
noncobrowsing,not right agent
noncobrowsing,not right agent
noncobrowsing,not right agent
noncobrowsing,not right agent
noncobrowsing,not right agent
noncobrowsing,not right agent
noncobrowsing,not right agent
noncobrowsing,not right agent
noncobrowsing,not right agent
noncobrowsing,not right agent
noncobrowsing,not right agent
noncobrowsing,not right agent
noncobrowsing,not right agent
noncobrowsing,not right agent
noncobrowsing,not right agent
noncobrowsing,not right agent
noncobrowsing,not right agent
noncobrowsing,not right agent
noncobrowsing,not right agent
noncobrowsing,not right agent
noncobrowsing,not right agent
noncobrowsing,not right agent
noncobrowsing,not right agent
noncobrowsing,not right agent
noncobrowsing,not right agent
noncobrowsing,not right agent
noncobrowsing,not right agent
noncobrowsing,not right agent
noncobrowsing,not right agent
noncobrowsing,not right agent
noncobrowsing,not right agent
noncobrowsing,not right agent
noncobrowsing,not right agent
noncobrowsing,not right agent
noncobrowsing,not right agent
noncobrowsing,not right agent
noncobrowsing,not right agent
noncobrowsing,not right agent
noncobrowsing,not right agent
noncobrowsing,not right agent
noncobrowsing,not right agent
noncobrowsing,not right agent
noncobrowsing,not right agent
noncobrowsing,not right agent
noncobrowsing,not right agent
noncobrowsing,not right agent
noncobrowsing,not right agent
noncobrowsing,not right agent
noncobrowsing,not right agent
noncobrowsing,not right agent
noncobrowsing,not right agent
noncobrowsing,not right agent
noncobrowsing,not right agent
noncobrowsing,not right agent
noncobrowsing,not right agent
noncobrowsing,not right agent
noncobrowsing,not right agent
noncobrowsing,not right agent
noncobrowsing,not right agent
noncobrowsing,not right agent
noncobrowsing,not right agent
noncobrowsing,not right agent
